Website,Offer link,Applicable cards,Offers
Yatra,https://www.yatra.com/offer/details/hsbc-credit-card-sale,HSBC TravelOne Credit Card,"Flat 13% OFF (upto Rs.1,800) on domestic flights, Flat 11% OFF (upto Rs.6,000) on domestic flights, Flat 20% OFF (upto Rs.6,000) on domestic hotels and Flat 15% OFF (upto Rs.500) on bus.",,,,,,,,,,,
Yatra,https://www.yatra.com/offer/details/hsbc-credit-card-sale,HSBC Taj Credit Card,"Flat 13% OFF (upto Rs.1,800) on domestic flights, Flat 11% OFF (upto Rs.6,000) on domestic flights, Flat 20% OFF (upto Rs.6,000) on domestic hotels and Flat 15% OFF (upto Rs.500) on bus.",,,,,,,,,,,
Yatra,https://www.yatra.com/offer/details/hsbc-credit-card-sale,HSBC Live+ Credit Card,"Flat 13% OFF (upto Rs.1,800) on domestic flights, Flat 11% OFF (upto Rs.6,000) on domestic flights, Flat 20% OFF (upto Rs.6,000) on domestic hotels and Flat 15% OFF (upto Rs.500) on bus.",,,,,,,,,,,
Yatra,https://www.yatra.com/offer/details/hsbc-credit-card-sale,HSBC Visa Platinum Credit Card,"Flat 13% OFF (upto Rs.1,800) on domestic flights, Flat 11% OFF (upto Rs.6,000) on domestic flights, Flat 20% OFF (upto Rs.6,000) on domestic hotels and Flat 15% OFF (upto Rs.500) on bus.",,,,,,,,,,,
Yatra,https://www.yatra.com/offer/details/hsbc-credit-card-sale,HSBC Premier Mastercard? Credit Card,"Flat 13% OFF (upto Rs.1,800) on domestic flights, Flat 11% OFF (upto Rs.6,000) on domestic flights, Flat 20% OFF (upto Rs.6,000) on domestic hotels and Flat 15% OFF (upto Rs.500) on bus.",,,,,,,,,,,
Cleartrip,https://www.cleartrip.com/all-offers/aucc_bus/,AU Bank InstaPay Credit Card,10% instant off on Bus with selected AU Credit Cards.,,,,,,,,,,,
Cleartrip,https://www.cleartrip.com/all-offers/aucc_bus/,AU Bank Zenith+ Credit Card,10% instant off on Bus with selected AU Credit Cards.,,,,,,,,,,,
Cleartrip,https://www.cleartrip.com/all-offers/aucc_bus/,AU Small Finance Bank ixigo Credit Card,10% instant off on Bus with selected AU Credit Cards.,,,,,,,,,,,
Cleartrip,https://www.cleartrip.com/all-offers/aucc_bus/,AU Small Finance Bank Zenith Credit Card ,10% instant off on Bus with selected AU Credit Cards.,,,,,,,,,,,
Cleartrip,https://www.cleartrip.com/all-offers/aucc_bus/,AU Small Finance Bank Altura Plus Credit Card ,10% instant off on Bus with selected AU Credit Cards.,,,,,,,,,,,
Cleartrip,https://www.cleartrip.com/all-offers/aucc_bus/,AU Small Finance Bank Altura Credit Card,10% instant off on Bus with selected AU Credit Cards.,,,,,,,,,,,
Cleartrip,https://www.cleartrip.com/all-offers/aucc_bus/,AU Small Finance Bank LIT Credit Card,10% instant off on Bus with selected AU Credit Cards.,,,,,,,,,,,
Cleartrip,https://www.cleartrip.com/all-offers/aucc_bus/,Au Small Finance Bank Vetta Credit Card,10% instant off on Bus with selected AU Credit Cards.,,,,,,,,,,,
Cleartrip,https://www.cleartrip.com/all-offers/bus-sbicc/,KrisFlyer SBI Card Apex,Flat 10% off instant discount Using selected SBI Bank Credit Cards.,,,,,,,,,,,
Cleartrip,https://www.cleartrip.com/all-offers/bus-sbicc/,KrisFlyer SBI Card,Flat 10% off instant discount Using selected SBI Bank Credit Cards.,,,,,,,,,,,
Cleartrip,https://www.cleartrip.com/all-offers/bus-sbicc/,SBI Card MILES,Flat 10% off instant discount Using selected SBI Bank Credit Cards.,,,,,,,,,,,
Cleartrip,https://www.cleartrip.com/all-offers/bus-sbicc/,SBI Card Miles Elite,Flat 10% off instant discount Using selected SBI Bank Credit Cards.,,,,,,,,,,,
Cleartrip,https://www.cleartrip.com/all-offers/bus-sbicc/,SBI Titan Credit Card,Flat 10% off instant discount Using selected SBI Bank Credit Cards.,,,,,,,,,,,
Cleartrip,https://www.cleartrip.com/all-offers/bus-sbicc/,City Union Bank SBI Card Prime,Flat 10% off instant discount Using selected SBI Bank Credit Cards.,,,,,,,,,,,
Cleartrip,https://www.cleartrip.com/all-offers/bus-sbicc/,Central Bank of India SBI Card Elite,Flat 10% off instant discount Using selected SBI Bank Credit Cards.,,,,,,,,,,,
Cleartrip,https://www.cleartrip.com/all-offers/bus-sbicc/,Central Bank of India SBI Card Prime,Flat 10% off instant discount Using selected SBI Bank Credit Cards.,,,,,,,,,,,
Cleartrip,https://www.cleartrip.com/all-offers/bus-sbicc/,UCO Bank SBI Card Prime,Flat 10% off instant discount Using selected SBI Bank Credit Cards.,,,,,,,,,,,
Cleartrip,https://www.cleartrip.com/all-offers/bus-sbicc/,UCO Bank SBI Card Elite,Flat 10% off instant discount Using selected SBI Bank Credit Cards.,,,,,,,,,,,
Cleartrip,https://www.cleartrip.com/all-offers/bus-sbicc/,PSB SBI Card Prime,Flat 10% off instant discount Using selected SBI Bank Credit Cards.,,,,,,,,,,,
Cleartrip,https://www.cleartrip.com/all-offers/bus-sbicc/,PSB SBI Card Elite,Flat 10% off instant discount Using selected SBI Bank Credit Cards.,,,,,,,,,,,
Cleartrip,https://www.cleartrip.com/all-offers/bus-sbicc/,Air India SBI Signature Card,Flat 10% off instant discount Using selected SBI Bank Credit Cards.,,,,,,,,,,,
Cleartrip,https://www.cleartrip.com/all-offers/bus-sbicc/,Air India SBI Platinum Card,Flat 10% off instant discount Using selected SBI Bank Credit Cards.,,,,,,,,,,,
Cleartrip,https://www.cleartrip.com/all-offers/bus-sbicc/,Yatra SBI Card,Flat 10% off instant discount Using selected SBI Bank Credit Cards.,,,,,,,,,,,
Cleartrip,https://www.cleartrip.com/all-offers/bus-sbicc/,Club Vistara SBI Card,Flat 10% off instant discount Using selected SBI Bank Credit Cards.,,,,,,,,,,,
Cleartrip,https://www.cleartrip.com/all-offers/bus-sbicc/,Club Vistara SBI Card Prime,Flat 10% off instant discount Using selected SBI Bank Credit Cards.,,,,,,,,,,,
Cleartrip,https://www.cleartrip.com/all-offers/bus-sbicc/,Etihad Guest SBI Premier Card,Flat 10% off instant discount Using selected SBI Bank Credit Cards.,,,,,,,,,,,
Cleartrip,https://www.cleartrip.com/all-offers/bus-sbicc/,Etihad Guest SBI Card,Flat 10% off instant discount Using selected SBI Bank Credit Cards.,,,,,,,,,,,
Cleartrip,https://www.cleartrip.com/all-offers/bus-sbicc/,IRCTC SBI Card (on RuPay platform),Flat 10% off instant discount Using selected SBI Bank Credit Cards.,,,,,,,,,,,
Cleartrip,https://www.cleartrip.com/all-offers/bus-sbicc/,IRCTC SBI Platinum Card,Flat 10% off instant discount Using selected SBI Bank Credit Cards.,,,,,,,,,,,
Cleartrip,https://www.cleartrip.com/all-offers/bus-sbicc/,IRCTC SBI Card Premier,Flat 10% off instant discount Using selected SBI Bank Credit Cards.,,,,,,,,,,,
Cleartrip,https://www.cleartrip.com/all-offers/bus-sbicc/,BPCL SBI Card,Flat 10% off instant discount Using selected SBI Bank Credit Cards.,,,,,,,,,,,
Cleartrip,https://www.cleartrip.com/all-offers/bus-sbicc/,BPCL SBI Card Octane,Flat 10% off instant discount Using selected SBI Bank Credit Cards.,,,,,,,,,,,
Cleartrip,https://www.cleartrip.com/all-offers/bus-sbicc/,Shaurya Select SBI Card,Flat 10% off instant discount Using selected SBI Bank Credit Cards.,,,,,,,,,,,
Cleartrip,https://www.cleartrip.com/all-offers/bus-sbicc/,Shaurya SBI Card,Flat 10% off instant discount Using selected SBI Bank Credit Cards.,,,,,,,,,,,
Cleartrip,https://www.cleartrip.com/all-offers/bus-sbicc/,SBI Card Unnati,Flat 10% off instant discount Using selected SBI Bank Credit Cards.,,,,,,,,,,,
Cleartrip,https://www.cleartrip.com/all-offers/bus-sbicc/,SimplySave Advantage SBI Card,Flat 10% off instant discount Using selected SBI Bank Credit Cards.,,,,,,,,,,,
Cleartrip,https://www.cleartrip.com/all-offers/bus-sbicc/,SimplyClick Advantage SBI Card,Flat 10% off instant discount Using selected SBI Bank Credit Cards.,,,,,,,,,,,
Cleartrip,https://www.cleartrip.com/all-offers/bus-sbicc/,SimplySave SBI Card,Flat 10% off instant discount Using selected SBI Bank Credit Cards.,,,,,,,,,,,
Cleartrip,https://www.cleartrip.com/all-offers/bus-sbicc/,SimplyClick SBI Card,Flat 10% off instant discount Using selected SBI Bank Credit Cards.,,,,,,,,,,,
Cleartrip,https://www.cleartrip.com/all-offers/bus-sbicc/,Spar SBI Card,Flat 10% off instant discount Using selected SBI Bank Credit Cards.,,,,,,,,,,,
Cleartrip,https://www.cleartrip.com/all-offers/bus-sbicc/,Max SBI Card,Flat 10% off instant discount Using selected SBI Bank Credit Cards.,,,,,,,,,,,
Cleartrip,https://www.cleartrip.com/all-offers/bus-sbicc/,Lifestyle Home Centre SBI Card,Flat 10% off instant discount Using selected SBI Bank Credit Cards.,,,,,,,,,,,
Cleartrip,https://www.cleartrip.com/all-offers/bus-sbicc/,Spar SBI Card Select,Flat 10% off instant discount Using selected SBI Bank Credit Cards.,,,,,,,,,,,
Cleartrip,https://www.cleartrip.com/all-offers/bus-sbicc/,Max SBI Card Select,Flat 10% off instant discount Using selected SBI Bank Credit Cards.,,,,,,,,,,,
Cleartrip,https://www.cleartrip.com/all-offers/bus-sbicc/,Lifestyle Home Centre SBI Card Select,Flat 10% off instant discount Using selected SBI Bank Credit Cards.,,,,,,,,,,,
Cleartrip,https://www.cleartrip.com/all-offers/bus-sbicc/,Spar SBI Card Prime,Flat 10% off instant discount Using selected SBI Bank Credit Cards.,,,,,,,,,,,
Cleartrip,https://www.cleartrip.com/all-offers/bus-sbicc/,Max SBI Card Prime,Flat 10% off instant discount Using selected SBI Bank Credit Cards.,,,,,,,,,,,
Cleartrip,https://www.cleartrip.com/all-offers/bus-sbicc/,Lifestyle Home Centre SBI Card PRIME,Flat 10% off instant discount Using selected SBI Bank Credit Cards.,,,,,,,,,,,
Cleartrip,https://www.cleartrip.com/all-offers/bus-sbicc/,FabIndia SBI Card,Flat 10% off instant discount Using selected SBI Bank Credit Cards.,,,,,,,,,,,
Cleartrip,https://www.cleartrip.com/all-offers/bus-sbicc/,FabIndia SBI Card Select,Flat 10% off instant discount Using selected SBI Bank Credit Cards.,,,,,,,,,,,
Cleartrip,https://www.cleartrip.com/all-offers/bus-sbicc/,Reliance SBI Card,Flat 10% off instant discount Using selected SBI Bank Credit Cards.,,,,,,,,,,,
Cleartrip,https://www.cleartrip.com/all-offers/bus-sbicc/,Reliance SBI Card Prime,Flat 10% off instant discount Using selected SBI Bank Credit Cards.,,,,,,,,,,,
Cleartrip,https://www.cleartrip.com/all-offers/bus-sbicc/,Paytm SBI Card,Flat 10% off instant discount Using selected SBI Bank Credit Cards.,,,,,,,,,,,
Cleartrip,https://www.cleartrip.com/all-offers/bus-sbicc/,Paytm SBI Card SELECT,Flat 10% off instant discount Using selected SBI Bank Credit Cards.,,,,,,,,,,,
Cleartrip,https://www.cleartrip.com/all-offers/bus-sbicc/,Aditya Birla SBI Card Select,Flat 10% off instant discount Using selected SBI Bank Credit Cards.,,,,,,,,,,,
Cleartrip,https://www.cleartrip.com/all-offers/bus-sbicc/,Aditya Birla SBI Card,Flat 10% off instant discount Using selected SBI Bank Credit Cards.,,,,,,,,,,,
Cleartrip,https://www.cleartrip.com/all-offers/bus-sbicc/,Apollo SBI Card,Flat 10% off instant discount Using selected SBI Bank Credit Cards.,,,,,,,,,,,
Cleartrip,https://www.cleartrip.com/all-offers/bus-sbicc/,Ola Money SBI Card,Flat 10% off instant discount Using selected SBI Bank Credit Cards.,,,,,,,,,,,
Cleartrip,https://www.cleartrip.com/all-offers/bus-sbicc/,SBI Card Prime,Flat 10% off instant discount Using selected SBI Bank Credit Cards.,,,,,,,,,,,
Cleartrip,https://www.cleartrip.com/all-offers/bus-sbicc/,SBI Cashback Card,Flat 10% off instant discount Using selected SBI Bank Credit Cards.,,,,,,,,,,,
Cleartrip,https://www.cleartrip.com/all-offers/bus-sbicc/,Doctor's SBI Card ,Flat 10% off instant discount Using selected SBI Bank Credit Cards.,,,,,,,,,,,
Cleartrip,https://www.cleartrip.com/all-offers/bus-sbicc/,Doctor's SBI Card (In Association With IMA),Flat 10% off instant discount Using selected SBI Bank Credit Cards.,,,,,,,,,,,
Cleartrip,https://www.cleartrip.com/all-offers/bus-sbicc/,SBI Card Elite,Flat 10% off instant discount Using selected SBI Bank Credit Cards.,,,,,,,,,,,
Cleartrip,https://www.cleartrip.com/all-offers/bus-sbicc/,SBI PULSE Credit Card ,Flat 10% off instant discount Using selected SBI Bank Credit Cards.,,,,,,,,,,,
Cleartrip,https://offers.cleartrip.com/bus-fedcc-feddc/?_gl=1*19mmfrq*_gcl_aw*R0NMLjE3Mzc3MTA3MTIuQ2p3S0NBaUFrYzI4QmhCMEVpd0FNMDAxVFFoa2RGelpjaHg5UmU0Mk1rUld6VS05UmY4MDJSb0RsR3NIaklVN05UMnZydTFseUtKRnV4b0M3dlVRQXZEX0J3RQ..*_gcl_au*MTUwNjczMzkxNS4xNzM3NzA5NTE5*_ga*NjE1ODMzODQ2LjE3Mzc3MDk1MTE.*_ga_5CWGPF7QB9*MTczNzcwOTUxMS4xLjEuMTczNzcxMDc5OC40Mi4wLjA.,,Get a flat 10% instant discount on all bus bookings made through Cleartrip with a minimum booking value of Rs.500. ,,,,,,,,,,,All Federal Bank Debit Cards.
Cleartrip,https://offers.cleartrip.com/bus-fedcc-feddc/?_gl=1*19mmfrq*_gcl_aw*R0NMLjE3Mzc3MTA3MTIuQ2p3S0NBaUFrYzI4QmhCMEVpd0FNMDAxVFFoa2RGelpjaHg5UmU0Mk1rUld6VS05UmY4MDJSb0RsR3NIaklVN05UMnZydTFseUtKRnV4b0M3dlVRQXZEX0J3RQ..*_gcl_au*MTUwNjczMzkxNS4xNzM3NzA5NTE5*_ga*NjE1ODMzODQ2LjE3Mzc3MDk1MTE.*_ga_5CWGPF7QB9*MTczNzcwOTUxMS4xLjEuMTczNzcxMDc5OC40Mi4wLjA.,Federal Bank Wave Credit Card ,Get a flat 10% instant discount on all bus bookings made through Cleartrip with a minimum booking value of Rs.500. ,,,,,,,,,,,
Cleartrip,https://offers.cleartrip.com/bus-fedcc-feddc/?_gl=1*19mmfrq*_gcl_aw*R0NMLjE3Mzc3MTA3MTIuQ2p3S0NBaUFrYzI4QmhCMEVpd0FNMDAxVFFoa2RGelpjaHg5UmU0Mk1rUld6VS05UmY4MDJSb0RsR3NIaklVN05UMnZydTFseUtKRnV4b0M3dlVRQXZEX0J3RQ..*_gcl_au*MTUwNjczMzkxNS4xNzM3NzA5NTE5*_ga*NjE1ODMzODQ2LjE3Mzc3MDk1MTE.*_ga_5CWGPF7QB9*MTczNzcwOTUxMS4xLjEuMTczNzcxMDc5OC40Mi4wLjA.,Federal Bank AmpliFi Credit Card ,Get a flat 10% instant discount on all bus bookings made through Cleartrip with a minimum booking value of Rs.500. ,,,,,,,,,,,
Cleartrip,https://offers.cleartrip.com/bus-fedcc-feddc/?_gl=1*19mmfrq*_gcl_aw*R0NMLjE3Mzc3MTA3MTIuQ2p3S0NBaUFrYzI4QmhCMEVpd0FNMDAxVFFoa2RGelpjaHg5UmU0Mk1rUld6VS05UmY4MDJSb0RsR3NIaklVN05UMnZydTFseUtKRnV4b0M3dlVRQXZEX0J3RQ..*_gcl_au*MTUwNjczMzkxNS4xNzM3NzA5NTE5*_ga*NjE1ODMzODQ2LjE3Mzc3MDk1MTE.*_ga_5CWGPF7QB9*MTczNzcwOTUxMS4xLjEuMTczNzcxMDc5OC40Mi4wLjA.,Federal Bank MagniFi Credit Card ,Get a flat 10% instant discount on all bus bookings made through Cleartrip with a minimum booking value of Rs.500. ,,,,,,,,,,,
Cleartrip,https://offers.cleartrip.com/bus-fedcc-feddc/?_gl=1*19mmfrq*_gcl_aw*R0NMLjE3Mzc3MTA3MTIuQ2p3S0NBaUFrYzI4QmhCMEVpd0FNMDAxVFFoa2RGelpjaHg5UmU0Mk1rUld6VS05UmY4MDJSb0RsR3NIaklVN05UMnZydTFseUtKRnV4b0M3dlVRQXZEX0J3RQ..*_gcl_au*MTUwNjczMzkxNS4xNzM3NzA5NTE5*_ga*NjE1ODMzODQ2LjE3Mzc3MDk1MTE.*_ga_5CWGPF7QB9*MTczNzcwOTUxMS4xLjEuMTczNzcxMDc5OC40Mi4wLjA.,Federal Bank Visa Imperio,Get a flat 10% instant discount on all bus bookings made through Cleartrip with a minimum booking value of Rs.500. ,,,,,,,,,,,
Cleartrip,https://offers.cleartrip.com/bus-fedcc-feddc/?_gl=1*19mmfrq*_gcl_aw*R0NMLjE3Mzc3MTA3MTIuQ2p3S0NBaUFrYzI4QmhCMEVpd0FNMDAxVFFoa2RGelpjaHg5UmU0Mk1rUld6VS05UmY4MDJSb0RsR3NIaklVN05UMnZydTFseUtKRnV4b0M3dlVRQXZEX0J3RQ..*_gcl_au*MTUwNjczMzkxNS4xNzM3NzA5NTE5*_ga*NjE1ODMzODQ2LjE3Mzc3MDk1MTE.*_ga_5CWGPF7QB9*MTczNzcwOTUxMS4xLjEuMTczNzcxMDc5OC40Mi4wLjA.,Federal Bank Visa Celesta,Get a flat 10% instant discount on all bus bookings made through Cleartrip with a minimum booking value of Rs.500. ,,,,,,,,,,,
Cleartrip,https://offers.cleartrip.com/bus-fedcc-feddc/?_gl=1*19mmfrq*_gcl_aw*R0NMLjE3Mzc3MTA3MTIuQ2p3S0NBaUFrYzI4QmhCMEVpd0FNMDAxVFFoa2RGelpjaHg5UmU0Mk1rUld6VS05UmY4MDJSb0RsR3NIaklVN05UMnZydTFseUtKRnV4b0M3dlVRQXZEX0J3RQ..*_gcl_au*MTUwNjczMzkxNS4xNzM3NzA5NTE5*_ga*NjE1ODMzODQ2LjE3Mzc3MDk1MTE.*_ga_5CWGPF7QB9*MTczNzcwOTUxMS4xLjEuMTczNzcxMDc5OC40Mi4wLjA.,Federal Bank Scapia Credit Card,Get a flat 10% instant discount on all bus bookings made through Cleartrip with a minimum booking value of Rs.500. ,,,,,,,,,,,
Cleartrip,https://offers.cleartrip.com/bus-fedcc-feddc/?_gl=1*19mmfrq*_gcl_aw*R0NMLjE3Mzc3MTA3MTIuQ2p3S0NBaUFrYzI4QmhCMEVpd0FNMDAxVFFoa2RGelpjaHg5UmU0Mk1rUld6VS05UmY4MDJSb0RsR3NIaklVN05UMnZydTFseUtKRnV4b0M3dlVRQXZEX0J3RQ..*_gcl_au*MTUwNjczMzkxNS4xNzM3NzA5NTE5*_ga*NjE1ODMzODQ2LjE3Mzc3MDk1MTE.*_ga_5CWGPF7QB9*MTczNzcwOTUxMS4xLjEuMTczNzcxMDc5OC40Mi4wLjA.,Federal Bank Rupay Signet Credit Card,Get a flat 10% instant discount on all bus bookings made through Cleartrip with a minimum booking value of Rs.500. ,,,,,,,,,,,
Cleartrip,https://offers.cleartrip.com/bus-fedcc-feddc/?_gl=1*19mmfrq*_gcl_aw*R0NMLjE3Mzc3MTA3MTIuQ2p3S0NBaUFrYzI4QmhCMEVpd0FNMDAxVFFoa2RGelpjaHg5UmU0Mk1rUld6VS05UmY4MDJSb0RsR3NIaklVN05UMnZydTFseUtKRnV4b0M3dlVRQXZEX0J3RQ..*_gcl_au*MTUwNjczMzkxNS4xNzM3NzA5NTE5*_ga*NjE1ODMzODQ2LjE3Mzc3MDk1MTE.*_ga_5CWGPF7QB9*MTczNzcwOTUxMS4xLjEuMTczNzcxMDc5OC40Mi4wLjA.,Federal Bank Mastercard Signet,Get a flat 10% instant discount on all bus bookings made through Cleartrip with a minimum booking value of Rs.500. ,,,,,,,,,,,
Cleartrip,https://offers.cleartrip.com/bus-canaracc/?_gl=1*ov7st5*_gcl_aw*R0NMLjE3Mzc3MTA3MTIuQ2p3S0NBaUFrYzI4QmhCMEVpd0FNMDAxVFFoa2RGelpjaHg5UmU0Mk1rUld6VS05UmY4MDJSb0RsR3NIaklVN05UMnZydTFseUtKRnV4b0M3dlVRQXZEX0J3RQ..*_gcl_au*MTUwNjczMzkxNS4xNzM3NzA5NTE5*_ga*NjE1ODMzODQ2LjE3Mzc3MDk1MTE.*_ga_5CWGPF7QB9*MTczNzcwOTUxMS4xLjEuMTczNzcxMDg5MS42MC4wLjA.,VISA Classic Credit Card,Get 15% off on Buses with Canara Bank Credit Cards!,,,,,,,,,,,
Cleartrip,https://offers.cleartrip.com/bus-canaracc/?_gl=1*ov7st5*_gcl_aw*R0NMLjE3Mzc3MTA3MTIuQ2p3S0NBaUFrYzI4QmhCMEVpd0FNMDAxVFFoa2RGelpjaHg5UmU0Mk1rUld6VS05UmY4MDJSb0RsR3NIaklVN05UMnZydTFseUtKRnV4b0M3dlVRQXZEX0J3RQ..*_gcl_au*MTUwNjczMzkxNS4xNzM3NzA5NTE5*_ga*NjE1ODMzODQ2LjE3Mzc3MDk1MTE.*_ga_5CWGPF7QB9*MTczNzcwOTUxMS4xLjEuMTczNzcxMDg5MS42MC4wLjA.,Mastercard Standard Credit Card,Get 15% off on Buses with Canara Bank Credit Cards!,,,,,,,,,,,
Cleartrip,https://offers.cleartrip.com/bus-canaracc/?_gl=1*ov7st5*_gcl_aw*R0NMLjE3Mzc3MTA3MTIuQ2p3S0NBaUFrYzI4QmhCMEVpd0FNMDAxVFFoa2RGelpjaHg5UmU0Mk1rUld6VS05UmY4MDJSb0RsR3NIaklVN05UMnZydTFseUtKRnV4b0M3dlVRQXZEX0J3RQ..*_gcl_au*MTUwNjczMzkxNS4xNzM3NzA5NTE5*_ga*NjE1ODMzODQ2LjE3Mzc3MDk1MTE.*_ga_5CWGPF7QB9*MTczNzcwOTUxMS4xLjEuMTczNzcxMDg5MS42MC4wLjA.,Rupay Classic Credit Card,Get 15% off on Buses with Canara Bank Credit Cards!,,,,,,,,,,,
Cleartrip,https://offers.cleartrip.com/bus-canaracc/?_gl=1*ov7st5*_gcl_aw*R0NMLjE3Mzc3MTA3MTIuQ2p3S0NBaUFrYzI4QmhCMEVpd0FNMDAxVFFoa2RGelpjaHg5UmU0Mk1rUld6VS05UmY4MDJSb0RsR3NIaklVN05UMnZydTFseUtKRnV4b0M3dlVRQXZEX0J3RQ..*_gcl_au*MTUwNjczMzkxNS4xNzM3NzA5NTE5*_ga*NjE1ODMzODQ2LjE3Mzc3MDk1MTE.*_ga_5CWGPF7QB9*MTczNzcwOTUxMS4xLjEuMTczNzcxMDg5MS42MC4wLjA.,VISA Gold Secured Credit Card,Get 15% off on Buses with Canara Bank Credit Cards!,,,,,,,,,,,
Cleartrip,https://offers.cleartrip.com/bus-canaracc/?_gl=1*ov7st5*_gcl_aw*R0NMLjE3Mzc3MTA3MTIuQ2p3S0NBaUFrYzI4QmhCMEVpd0FNMDAxVFFoa2RGelpjaHg5UmU0Mk1rUld6VS05UmY4MDJSb0RsR3NIaklVN05UMnZydTFseUtKRnV4b0M3dlVRQXZEX0J3RQ..*_gcl_au*MTUwNjczMzkxNS4xNzM3NzA5NTE5*_ga*NjE1ODMzODQ2LjE3Mzc3MDk1MTE.*_ga_5CWGPF7QB9*MTczNzcwOTUxMS4xLjEuMTczNzcxMDg5MS42MC4wLjA.,Mastercard Gold Secured Credit Card,Get 15% off on Buses with Canara Bank Credit Cards!,,,,,,,,,,,
Cleartrip,https://offers.cleartrip.com/bus-canaracc/?_gl=1*ov7st5*_gcl_aw*R0NMLjE3Mzc3MTA3MTIuQ2p3S0NBaUFrYzI4QmhCMEVpd0FNMDAxVFFoa2RGelpjaHg5UmU0Mk1rUld6VS05UmY4MDJSb0RsR3NIaklVN05UMnZydTFseUtKRnV4b0M3dlVRQXZEX0J3RQ..*_gcl_au*MTUwNjczMzkxNS4xNzM3NzA5NTE5*_ga*NjE1ODMzODQ2LjE3Mzc3MDk1MTE.*_ga_5CWGPF7QB9*MTczNzcwOTUxMS4xLjEuMTczNzcxMDg5MS42MC4wLjA.,Rupay Platinum Secured Credit Card,Get 15% off on Buses with Canara Bank Credit Cards!,,,,,,,,,,,
Cleartrip,https://offers.cleartrip.com/bus-canaracc/?_gl=1*ov7st5*_gcl_aw*R0NMLjE3Mzc3MTA3MTIuQ2p3S0NBaUFrYzI4QmhCMEVpd0FNMDAxVFFoa2RGelpjaHg5UmU0Mk1rUld6VS05UmY4MDJSb0RsR3NIaklVN05UMnZydTFseUtKRnV4b0M3dlVRQXZEX0J3RQ..*_gcl_au*MTUwNjczMzkxNS4xNzM3NzA5NTE5*_ga*NjE1ODMzODQ2LjE3Mzc3MDk1MTE.*_ga_5CWGPF7QB9*MTczNzcwOTUxMS4xLjEuMTczNzcxMDg5MS42MC4wLjA.,VISA Gold Credit Card,Get 15% off on Buses with Canara Bank Credit Cards!,,,,,,,,,,,
Cleartrip,https://offers.cleartrip.com/bus-canaracc/?_gl=1*ov7st5*_gcl_aw*R0NMLjE3Mzc3MTA3MTIuQ2p3S0NBaUFrYzI4QmhCMEVpd0FNMDAxVFFoa2RGelpjaHg5UmU0Mk1rUld6VS05UmY4MDJSb0RsR3NIaklVN05UMnZydTFseUtKRnV4b0M3dlVRQXZEX0J3RQ..*_gcl_au*MTUwNjczMzkxNS4xNzM3NzA5NTE5*_ga*NjE1ODMzODQ2LjE3Mzc3MDk1MTE.*_ga_5CWGPF7QB9*MTczNzcwOTUxMS4xLjEuMTczNzcxMDg5MS42MC4wLjA.,Mastercard Gold Credit Card,Get 15% off on Buses with Canara Bank Credit Cards!,,,,,,,,,,,
Cleartrip,https://offers.cleartrip.com/bus-canaracc/?_gl=1*ov7st5*_gcl_aw*R0NMLjE3Mzc3MTA3MTIuQ2p3S0NBaUFrYzI4QmhCMEVpd0FNMDAxVFFoa2RGelpjaHg5UmU0Mk1rUld6VS05UmY4MDJSb0RsR3NIaklVN05UMnZydTFseUtKRnV4b0M3dlVRQXZEX0J3RQ..*_gcl_au*MTUwNjczMzkxNS4xNzM3NzA5NTE5*_ga*NjE1ODMzODQ2LjE3Mzc3MDk1MTE.*_ga_5CWGPF7QB9*MTczNzcwOTUxMS4xLjEuMTczNzcxMDg5MS42MC4wLjA.,Rupay Platinum Credit Card,Get 15% off on Buses with Canara Bank Credit Cards!,,,,,,,,,,,
Cleartrip,https://offers.cleartrip.com/bus-canaracc/?_gl=1*ov7st5*_gcl_aw*R0NMLjE3Mzc3MTA3MTIuQ2p3S0NBaUFrYzI4QmhCMEVpd0FNMDAxVFFoa2RGelpjaHg5UmU0Mk1rUld6VS05UmY4MDJSb0RsR3NIaklVN05UMnZydTFseUtKRnV4b0M3dlVRQXZEX0J3RQ..*_gcl_au*MTUwNjczMzkxNS4xNzM3NzA5NTE5*_ga*NjE1ODMzODQ2LjE3Mzc3MDk1MTE.*_ga_5CWGPF7QB9*MTczNzcwOTUxMS4xLjEuMTczNzcxMDg5MS42MC4wLjA.,  Rupay Select Secured Credit Card,Get 15% off on Buses with Canara Bank Credit Cards!,,,,,,,,,,,
Cleartrip,https://offers.cleartrip.com/bus-canaracc/?_gl=1*ov7st5*_gcl_aw*R0NMLjE3Mzc3MTA3MTIuQ2p3S0NBaUFrYzI4QmhCMEVpd0FNMDAxVFFoa2RGelpjaHg5UmU0Mk1rUld6VS05UmY4MDJSb0RsR3NIaklVN05UMnZydTFseUtKRnV4b0M3dlVRQXZEX0J3RQ..*_gcl_au*MTUwNjczMzkxNS4xNzM3NzA5NTE5*_ga*NjE1ODMzODQ2LjE3Mzc3MDk1MTE.*_ga_5CWGPF7QB9*MTczNzcwOTUxMS4xLjEuMTczNzcxMDg5MS42MC4wLjA.,VISA Corporate Credit Card,Get 15% off on Buses with Canara Bank Credit Cards!,,,,,,,,,,,
Cleartrip,https://offers.cleartrip.com/bus-canaracc/?_gl=1*ov7st5*_gcl_aw*R0NMLjE3Mzc3MTA3MTIuQ2p3S0NBaUFrYzI4QmhCMEVpd0FNMDAxVFFoa2RGelpjaHg5UmU0Mk1rUld6VS05UmY4MDJSb0RsR3NIaklVN05UMnZydTFseUtKRnV4b0M3dlVRQXZEX0J3RQ..*_gcl_au*MTUwNjczMzkxNS4xNzM3NzA5NTE5*_ga*NjE1ODMzODQ2LjE3Mzc3MDk1MTE.*_ga_5CWGPF7QB9*MTczNzcwOTUxMS4xLjEuMTczNzcxMDg5MS42MC4wLjA.,Mastercard Platinum Credit Card,Get 15% off on Buses with Canara Bank Credit Cards!,,,,,,,,,,,
Cleartrip,https://offers.cleartrip.com/bus-canaracc/?_gl=1*ov7st5*_gcl_aw*R0NMLjE3Mzc3MTA3MTIuQ2p3S0NBaUFrYzI4QmhCMEVpd0FNMDAxVFFoa2RGelpjaHg5UmU0Mk1rUld6VS05UmY4MDJSb0RsR3NIaklVN05UMnZydTFseUtKRnV4b0M3dlVRQXZEX0J3RQ..*_gcl_au*MTUwNjczMzkxNS4xNzM3NzA5NTE5*_ga*NjE1ODMzODQ2LjE3Mzc3MDk1MTE.*_ga_5CWGPF7QB9*MTczNzcwOTUxMS4xLjEuMTczNzcxMDg5MS42MC4wLjA.,Visa Platinum Credit Card,Get 15% off on Buses with Canara Bank Credit Cards!,,,,,,,,,,,
Cleartrip,https://offers.cleartrip.com/bus-canaracc/?_gl=1*ov7st5*_gcl_aw*R0NMLjE3Mzc3MTA3MTIuQ2p3S0NBaUFrYzI4QmhCMEVpd0FNMDAxVFFoa2RGelpjaHg5UmU0Mk1rUld6VS05UmY4MDJSb0RsR3NIaklVN05UMnZydTFseUtKRnV4b0M3dlVRQXZEX0J3RQ..*_gcl_au*MTUwNjczMzkxNS4xNzM3NzA5NTE5*_ga*NjE1ODMzODQ2LjE3Mzc3MDk1MTE.*_ga_5CWGPF7QB9*MTczNzcwOTUxMS4xLjEuMTczNzcxMDg5MS42MC4wLjA.,Mastercard World Credit Card,Get 15% off on Buses with Canara Bank Credit Cards!,,,,,,,,,,,
Cleartrip,https://offers.cleartrip.com/bus-canaracc/?_gl=1*ov7st5*_gcl_aw*R0NMLjE3Mzc3MTA3MTIuQ2p3S0NBaUFrYzI4QmhCMEVpd0FNMDAxVFFoa2RGelpjaHg5UmU0Mk1rUld6VS05UmY4MDJSb0RsR3NIaklVN05UMnZydTFseUtKRnV4b0M3dlVRQXZEX0J3RQ..*_gcl_au*MTUwNjczMzkxNS4xNzM3NzA5NTE5*_ga*NjE1ODMzODQ2LjE3Mzc3MDk1MTE.*_ga_5CWGPF7QB9*MTczNzcwOTUxMS4xLjEuMTczNzcxMDg5MS42MC4wLjA.,Rupay Select Credit Card,Get 15% off on Buses with Canara Bank Credit Cards!,,,,,,,,,,,
abhibus,https://www.abhibus.com/bus-offers/icici-bank-creditcard-all-bus-booking-offers,"ICICI HPCL Coral Credit Card, ICICI Parakram Select Credit Card, ICICI Parakram Credit Card, Adani One ICICI Platinum Credit Card, Adani One ICICI Signature Credit Card, Skywards ICICI Bank Emerald Credit Card, ICICI Bank Instant Platinum Credit Card, Emirates Skywards Rubyx Credit Card, Skywards ICICI Bank Sapphiro Credit Card, Accelero ICICI Bank Credit Card, Chennai Super Kings ICICI Bank Credit Card, ICICI Manchester United Signature Credit Card, ICICI Manchester United Platinum Credit Card, Expressions Credit Card, Platinum Chip Credit Card, ICICI Bank HPCL Super Saver Credit Card, ICICI Bank Emeralde Credit Card, ICICI Bank Rubyx Credit Card, ICICI Bank Coral Credit Card, ICICI Bank Sapphiro Credit Card, MakemyTrip ICICI Bank Credit Card.",Flat Rs.200 off with ICICI Bank Credit Card,,,,,,,,,,,
abhibus,https://www.abhibus.com/bus-offers/rbl-creditcard-all-bus-booking-offers,IRCTC RBL Bank Credit Card,Flat Rs.300 off with RBL Bank Credit Card,,,,,,,,,,,
abhibus,https://www.abhibus.com/bus-offers/rbl-creditcard-all-bus-booking-offers,IndianOil RBL Bank Credit Card,Flat Rs.300 off with RBL Bank Credit Card,,,,,,,,,,,
abhibus,https://www.abhibus.com/bus-offers/rbl-creditcard-all-bus-booking-offers,IndianOil RBL Bank XTRA Credit Card,Flat Rs.300 off with RBL Bank Credit Card,,,,,,,,,,,
abhibus,https://www.abhibus.com/bus-offers/rbl-creditcard-all-bus-booking-offers,RBL Bank iGlobe Credit Card ,Flat Rs.300 off with RBL Bank Credit Card,,,,,,,,,,,
abhibus,https://www.abhibus.com/bus-offers/rbl-creditcard-all-bus-booking-offers,RBL Bank Movies and More Credit Card,Flat Rs.300 off with RBL Bank Credit Card,,,,,,,,,,,
abhibus,https://www.abhibus.com/bus-offers/rbl-creditcard-all-bus-booking-offers,RBL Bank MoneyTap Credit Card,Flat Rs.300 off with RBL Bank Credit Card,,,,,,,,,,,
abhibus,https://www.abhibus.com/bus-offers/rbl-creditcard-all-bus-booking-offers,Insignia Preferred Banking Card,Flat Rs.300 off with RBL Bank Credit Card,,,,,,,,,,,
abhibus,https://www.abhibus.com/bus-offers/rbl-creditcard-all-bus-booking-offers,BankBazaar SaveMax Credit Card,Flat Rs.300 off with RBL Bank Credit Card,,,,,,,,,,,
abhibus,https://www.abhibus.com/bus-offers/rbl-creditcard-all-bus-booking-offers,Bankbazaar Savemax Pro Credit Card,Flat Rs.300 off with RBL Bank Credit Card,,,,,,,,,,,
abhibus,https://www.abhibus.com/bus-offers/rbl-creditcard-all-bus-booking-offers,MoneyTap Black Card,Flat Rs.300 off with RBL Bank Credit Card,,,,,,,,,,,
abhibus,https://www.abhibus.com/bus-offers/rbl-creditcard-all-bus-booking-offers,RBL Bank Paisabazaar Duet Card,Flat Rs.300 off with RBL Bank Credit Card,,,,,,,,,,,
abhibus,https://www.abhibus.com/bus-offers/rbl-creditcard-all-bus-booking-offers,RBL Bank Paisabazaar Duet Card Plus,Flat Rs.300 off with RBL Bank Credit Card,,,,,,,,,,,
abhibus,https://www.abhibus.com/bus-offers/rbl-creditcard-all-bus-booking-offers,RBL Bank VCard,Flat Rs.300 off with RBL Bank Credit Card,,,,,,,,,,,
abhibus,https://www.abhibus.com/bus-offers/rbl-creditcard-all-bus-booking-offers,Mo Cash Credit Card,Flat Rs.300 off with RBL Bank Credit Card,,,,,,,,,,,
abhibus,https://www.abhibus.com/bus-offers/rbl-creditcard-all-bus-booking-offers,RBL Bank Play Credit Card,Flat Rs.300 off with RBL Bank Credit Card,,,,,,,,,,,
abhibus,https://www.abhibus.com/bus-offers/rbl-creditcard-all-bus-booking-offers,RBL Bank Cookie Credit Card,Flat Rs.300 off with RBL Bank Credit Card,,,,,,,,,,,
abhibus,https://www.abhibus.com/bus-offers/rbl-creditcard-all-bus-booking-offers,RBL Bank Icon Credit Card,Flat Rs.300 off with RBL Bank Credit Card,,,,,,,,,,,
abhibus,https://www.abhibus.com/bus-offers/rbl-creditcard-all-bus-booking-offers,RBL Bank Platinum Delight Credit Card ,Flat Rs.300 off with RBL Bank Credit Card,,,,,,,,,,,
abhibus,https://www.abhibus.com/bus-offers/rbl-creditcard-all-bus-booking-offers,RBL Bank Platinum Maxima Credit Card,Flat Rs.300 off with RBL Bank Credit Card,,,,,,,,,,,
abhibus,https://www.abhibus.com/bus-offers/rbl-creditcard-all-bus-booking-offers,RBL Bank Lazy Pay Credit Card ,Flat Rs.300 off with RBL Bank Credit Card,,,,,,,,,,,
abhibus,https://www.abhibus.com/bus-offers/rbl-creditcard-all-bus-booking-offers,RBL Bank World Safari Credit Card,Flat Rs.300 off with RBL Bank Credit Card,,,,,,,,,,,
abhibus,https://www.abhibus.com/bus-offers/rbl-creditcard-all-bus-booking-offers,RBL Bank Monthly Treats Credit Card  ,Flat Rs.300 off with RBL Bank Credit Card,,,,,,,,,,,
abhibus,https://www.abhibus.com/bus-offers/rbl-creditcard-all-bus-booking-offers,Platinum Maxima Plus Card,Flat Rs.300 off with RBL Bank Credit Card,,,,,,,,,,,
abhibus,https://www.abhibus.com/bus-offers/rbl-creditcard-all-bus-booking-offers,RBL Bank Shoprite Credit Card,Flat Rs.300 off with RBL Bank Credit Card,,,,,,,,,,,
abhibus,https://www.abhibus.com/bus-offers/au-bank-creditcard-all-bus-booking-offers,AU Bank InstaPay Credit Card,Flat Rs.150 off with AU Bank Credit Card,,,,,,,,,,,
abhibus,https://www.abhibus.com/bus-offers/au-bank-creditcard-all-bus-booking-offers,AU Bank Zenith+ Credit Card,Flat Rs.150 off with AU Bank Credit Card,,,,,,,,,,,
abhibus,https://www.abhibus.com/bus-offers/au-bank-creditcard-all-bus-booking-offers,AU Small Finance Bank ixigo Credit Card,Flat Rs.150 off with AU Bank Credit Card,,,,,,,,,,,
abhibus,https://www.abhibus.com/bus-offers/au-bank-creditcard-all-bus-booking-offers,AU Small Finance Bank Zenith Credit Card ,Flat Rs.150 off with AU Bank Credit Card,,,,,,,,,,,
abhibus,https://www.abhibus.com/bus-offers/au-bank-creditcard-all-bus-booking-offers,AU Small Finance Bank Altura Plus Credit Card ,Flat Rs.150 off with AU Bank Credit Card,,,,,,,,,,,
abhibus,https://www.abhibus.com/bus-offers/au-bank-creditcard-all-bus-booking-offers,AU Small Finance Bank Altura Credit Card,Flat Rs.150 off with AU Bank Credit Card,,,,,,,,,,,
abhibus,https://www.abhibus.com/bus-offers/au-bank-creditcard-all-bus-booking-offers,AU Small Finance Bank LIT Credit Card,Flat Rs.150 off with AU Bank Credit Card,,,,,,,,,,,
abhibus,https://www.abhibus.com/bus-offers/au-bank-creditcard-all-bus-booking-offers,Au Small Finance Bank Vetta Credit Card,Flat Rs.150 off with AU Bank Credit Card,,,,,,,,,,,
abhibus,https://www.abhibus.com/bus-offers/ixigo-au-bus-booking-offers,AU Small Finance Bank ixigo Credit Card,Flat 10% off via ixigo - AU Bank Credit Card,,,,,,,,,,,
makemytrip,https://www.makemytrip.com/promos/pnb-offers-04092022.html?detail_image=no,PNB Patanjali Rupay Platinum Card,"Grab up to 15% OFF* on domestic & international flights + hotels, outstation cabs & buses.",,,,,,,,,,,
makemytrip,https://www.makemytrip.com/promos/pnb-offers-04092022.html?detail_image=no,PNB Patanjali Rupay Select Cards,"Grab up to 15% OFF* on domestic & international flights + hotels, outstation cabs & buses.",,,,,,,,,,,
makemytrip,https://www.makemytrip.com/promos/pnb-offers-04092022.html?detail_image=no,PNB EMT RuPay Platinum Credit Card,"Grab up to 15% OFF* on domestic & international flights + hotels, outstation cabs & buses.",,,,,,,,,,,
makemytrip,https://www.makemytrip.com/promos/pnb-offers-04092022.html?detail_image=no,The PNB Global Platinum Credit Card,"Grab up to 15% OFF* on domestic & international flights + hotels, outstation cabs & buses.",,,,,,,,,,,
makemytrip,https://www.makemytrip.com/promos/pnb-offers-04092022.html?detail_image=no,PNB VISA Gold Card,"Grab up to 15% OFF* on domestic & international flights + hotels, outstation cabs & buses.",,,,,,,,,,,
makemytrip,https://www.makemytrip.com/promos/pnb-offers-04092022.html?detail_image=no,PNB RuPay Platinum Credit Card,"Grab up to 15% OFF* on domestic & international flights + hotels, outstation cabs & buses.",,,,,,,,,,,
makemytrip,https://www.makemytrip.com/promos/pnb-offers-04092022.html?detail_image=no,PNB Rupay Select Card,"Grab up to 15% OFF* on domestic & international flights + hotels, outstation cabs & buses.",,,,,,,,,,,
makemytrip,https://www.makemytrip.com/promos/pnb-offers-04092022.html?detail_image=no,PNB Rupay Millennial Card,"Grab up to 15% OFF* on domestic & international flights + hotels, outstation cabs & buses.",,,,,,,,,,,
makemytrip,https://www.makemytrip.com/promos/pnb-offers-04092022.html?detail_image=no,PNB Rakshak Rupay Platinum Card,"Grab up to 15% OFF* on domestic & international flights + hotels, outstation cabs & buses.",,,,,,,,,,,
